{
  "nodes": [
    {
      "clusterID": "1",
      "clusterLabel": "Theme Colors",
      "clusterDescription": "...",
      "nodes": [
        {
          "id": 0,
          "nodeLabel": "Theme A, Palette G, Box 1, #acb672 30% opacity",
          "nodeDescription": "Node description",
          "nodeAttributes": {
            "Possible_object": " ",
            "Primary_ToI": " ",
            "Secondary_ToI": " ",
            "Tiertiary_ToI": " ",
            "URL": " ",
            "Observations": " ",
            "College": " ",
            "Department": " ",
            "Date_or_Decade": " ",
            "Photograph": " ",
            "Faculty_Staff_Graduate_Undergrad": " ",
            "Current_Faculty_research": " ",
            "Gender": " ",
            "Other": " "
          },
          "connectors": [],
          "pajekIndex": 1,
          "vNode": {
            "posX": 131,
            "posY": 441,
            "posZ": 0,
            "color": "#826d6f"
          }
        },
        {
          "id": 1,
          "nodeLabel": "Theme B, Palette F, Box 1,  #b54ccd 30% opacity",
          "nodeDescription": "Node description",
          "nodeAttributes": {
            "Possible_object": " ",
            "Primary_ToI": " ",
            "Secondary_ToI": " ",
            "Tiertiary_ToI": " ",
            "URL": " ",
            "Observations": " ",
            "College": " ",
            "Department": " ",
            "Date_or_Decade": " ",
            "Photograph": " ",
            "Faculty_Staff_Graduate_Undergrad": " ",
            "Current_Faculty_research": " ",
            "Gender": " ",
            "Other": " "
          },
          "connectors": [],
          "pajekIndex": 2,
          "vNode": {
            "posX": 159,
            "posY": 470,
            "posZ": 0,
            "color": "#8d7f7d"
          }
        },
        {
          "id": 2,
          "nodeLabel": "Theme C, Palette E, Box 1,  #dc4423 30% opacity",
          "nodeDescription": "Node description",
          "nodeAttributes": {
            "Possible_object": " ",
            "Primary_ToI": " ",
            "Secondary_ToI": " ",
            "Tiertiary_ToI": " ",
            "URL": " ",
            "Observations": " ",
            "College": " ",
            "Department": " ",
            "Date_or_Decade": " ",
            "Photograph": " ",
            "Faculty_Staff_Graduate_Undergrad": " ",
            "Current_Faculty_research": " ",
            "Gender": " ",
            "Other": " "
          },
          "connectors": [],
          "pajekIndex": 3,
          "vNode": {
            "posX": 187,
            "posY": 498,
            "posZ": 0,
            "color": "#98918c"
          }
        },
        {
          "id": 3,
          "nodeLabel": "Theme D, Palette D, Box 1,  #c66f3b 30% opacity",
          "nodeDescription": "Node description",
          "nodeAttributes": {
            "Possible_object": " ",
            "Primary_ToI": " ",
            "Secondary_ToI": " ",
            "Tiertiary_ToI": " ",
            "URL": " ",
            "Observations": " ",
            "College": " ",
            "Department": " ",
            "Date_or_Decade": " ",
            "Photograph": " ",
            "Faculty_Staff_Graduate_Undergrad": " ",
            "Current_Faculty_research": " ",
            "Gender": " ",
            "Other": " "
          },
          "connectors": [],
          "pajekIndex": 4,
          "vNode": {
            "posX": 218,
            "posY": 528,
            "posZ": 0,
            "color": "#a3a39a"
          }
        },
        {
          "id": 4,
          "nodeLabel": "Theme E, Palette C, Box 1,  #2a4196 30% opacity",
          "nodeDescription": "Node description",
          "nodeAttributes": {
            "Possible_object": " ",
            "Primary_ToI": " ",
            "Secondary_ToI": " ",
            "Tiertiary_ToI": " ",
            "URL": " ",
            "Observations": " ",
            "College": " ",
            "Department": " ",
            "Date_or_Decade": " ",
            "Photograph": " ",
            "Faculty_Staff_Graduate_Undergrad": " ",
            "Current_Faculty_research": " ",
            "Gender": " ",
            "Other": " "
          },
          "connectors": [],
          "pajekIndex": 5,
          "vNode": {
            "posX": 253,
            "posY": 556,
            "posZ": 0,
            "color": "#adb6aa"
          }
        }
      ]
    }
  ],
  "edges": []
}
